Workbook

Sheet Lees mij
A1: Reconciliatie wekelijks sales-rapport ↔ finance, Q3 2026
A2: Vennaert (fictief bedrijf) · illustratieve cijfers, geen echte bedrijfsdata
A4: Vraag van de sales manager: 'Waarom zegt ons Excel-rapport meer omzet dan finance?'
A6: Werkwijze
A7: 1. Tab Export = de ruwe export waarop het wekelijkse rapport gebouwd is (gesorteerd op datum, factuur, artikel).
A8: 2. Hulpkolommen G–J classificeren elke rij: soort document, dubbele rij, interne klant, netto bedrag met teken.
A9: 3. Tab Brug zet het rapporttotaal stap voor stap om naar het finance-cijfer. Elke stap is een SUMIFS op Export.
A10: 4. Kolom Controle vergelijkt elke stap met de SQL-pipeline (sql/05_reconciliation.sql). OK = beide tellen hetzelfde.
A11: 5. Tab Per verkoper = draaitabel met formules (netto per verkoper per maand). Echte draaitabel: Invoegen > Draaitabel op tabel tExport.
A13: Conclusie
A14: Het rapport telt creditnota's op in plaats van ze af te trekken, bevat één dag twee keer en rekent de personeelsshop mee.
A15: Na die drie correcties is het verschil met finance € 0,00. De nieuwe Power BI-rapportering gebruikt de finance-definitie (KPI-01).

Sheet Export
A1: Datum | B1: Factuur | C1: Klant | D1: Artikel | E1: Verkoper | F1: Bedrag | G1: Soort | H1: Dubbel | I1: Intern | J1: Netto
A2: 2026-07-01 | B2: C900348 | C2: C11363 | D2: SKU-10326 | E2: AM09 | F2: 35.55 | G2: =IF(LEFT(B2,1)="C","Credit","Factuur") | H2: 0 | I2: =IF(C2="C99999",1,0) | J2: =IF(OR(H2=1,I2=1),0,IF(G2="Credit",-F2,F2))
A3: 2026-07-01 | B3: C901944 | C3: C10756 | D3: SKU-10153 | E3: AM06 | F3: 134.88 | G3: =IF(LEFT(B3,1)="C","Credit","Factuur") | H3: =IF(AND(B3=B2,D3=D2,A3=A2,F3=F2),1,0) | I3: =IF(C3="C99999",1,0) | J3: =IF(OR(H3=1,I3=1),0,IF(G3="Credit",-F3,F3))
A4: 2026-07-01 | B4: C902040 | C4: C11259 | D4: SKU-10284 | E4: AM08 | F4: 647.14 | G4: =IF(LEFT(B4,1)="C","Credit","Factuur") | H4: =IF(AND(B4=B3,D4=D3,A4=A3,F4=F3),1,0) | I4: =IF(C4="C99999",1,0) | J4: =IF(OR(H4=1,I4=1),0,IF(G4="Credit",-F4,F4))
A5: 2026-07-01 | B5: F260308 | C5: C10019 | D5: SKU-10169 | E5: AM02 | F5: 216.02 | G5: =IF(LEFT(B5,1)="C","Credit","Factuur") | H5: =IF(AND(B5=B4,D5=D4,A5=A4,F5=F4),1,0) | I5: =IF(C5="C99999",1,0) | J5: =IF(OR(H5=1,I5=1),0,IF(G5="Credit",-F5,F5))
A6: 2026-07-01 | B6: F260308 | C6: C10019 | D6: SKU-10206 | E6: AM02 | F6: 202.56 | G6: =IF(LEFT(B6,1)="C","Credit","Factuur") | H6: =IF(AND(B6=B5,D6=D5,A6=A5,F6=F5),1,0) | I6: =IF(C6="C99999",1,0) | J6: =IF(OR(H6=1,I6=1),0,IF(G6="Credit",-F6,F6))
A7: 2026-07-01 | B7: F260612 | C7: C10034 | D7: SKU-10053 | E7: AM08 | F7: 225 | G7: =IF(LEFT(B7,1)="C","Credit","Factuur") | H7: =IF(AND(B7=B6,D7=D6,A7=A6,F7=F6),1,0) | I7: =IF(C7="C99999",1,0) | J7: =IF(OR(H7=1,I7=1),0,IF(G7="Credit",-F7,F7))
A8: 2026-07-01 | B8: F260612 | C8: C10034 | D8: SKU-10099 | E8: AM08 | F8: 232.96 | G8: =IF(LEFT(B8,1)="C","Credit","Factuur") | H8: =IF(AND(B8=B7,D8=D7,A8=A7,F8=F7),1,0) | I8: =IF(C8="C99999",1,0) | J8: =IF(OR(H8=1,I8=1),0,IF(G8="Credit",-F8,F8))
A9: 2026-07-01 | B9: F260612 | C9: C10034 | D9: SKU-10258 | E9: AM08 | F9: 222.17 | G9: =IF(LEFT(B9,1)="C","Credit","Factuur") | H9: =IF(AND(B9=B8,D9=D8,A9=A8,F9=F8),1,0) | I9: =IF(C9="C99999",1,0) | J9: =IF(OR(H9=1,I9=1),0,IF(G9="Credit",-F9,F9))
A10: 2026-07-01 | B10: F260658 | C10: C10037 | D10: SKU-10116 | E10: AM03 | F10: 651 | G10: =IF(LEFT(B10,1)="C","Credit","Factuur") | H10: =IF(AND(B10=B9,D10=D9,A10=A9,F10=F9),1,0) | I10: =IF(C10="C99999",1,0) | J10: =IF(OR(H10=1,I10=1),0,IF(G10="Credit",-F10,F10))
A11: 2026-07-01 | B11: F260838 | C11: C10049 | D11: SKU-10055 | E11: AM09 | F11: 4045.39 | G11: =IF(LEFT(B11,1)="C","Credit","Factuur") | H11: =IF(AND(B11=B10,D11=D10,A11=A10,F11=F10),1,0) | I11: =IF(C11="C99999",1,0) | J11: =IF(OR(H11=1,I11=1),0,IF(G11="Credit",-F11,F11))
A12: 2026-07-01 | B12: F260838 | C12: C10049 | D12: SKU-10289 | E12: AM09 | F12: 4048.23 | G12: =IF(LEFT(B12,1)="C","Credit","Factuur") | H12: =IF(AND(B12=B11,D12=D11,A12=A11,F12=F11),1,0) | I12: =IF(C12="C99999",1,0) | J12: =IF(OR(H12=1,I12=1),0,IF(G12="Credit",-F12,F12))
A13: 2026-07-01 | B13: F264044 | C13: C10212 | D13: SKU-10322 | E13: AM11 | F13: 2819.44 | G13: =IF(LEFT(B13,1)="C","Credit","Factuur") | H13: =IF(AND(B13=B12,D13=D12,A13=A12,F13=F12),1,0) | I13: =IF(C13="C99999",1,0) | J13: =IF(OR(H13=1,I13=1),0,IF(G13="Credit",-F13,F13))
A14: 2026-07-01 | B14: F264195 | C14: C10221 | D14: SKU-10093 | E14: AM06 | F14: 193.78 | G14: =IF(LEFT(B14,1)="C","Credit","Factuur") | H14: =IF(AND(B14=B13,D14=D13,A14=A13,F14=F13),1,0) | I14: =IF(C14="C99999",1,0) | J14: =IF(OR(H14=1,I14=1),0,IF(G14="Credit",-F14,F14))
... A111: 2026-07-02 | B111: F265754 | C111: C10300 | D111: SKU-10121 | E111: AM03 | F111: 259.72 | G111: =IF(LEFT(B111,1)="C","Credit","Factuur") | H111: =IF(AND(B111=B110,D111=D110,A111=A110,F111=F110),1,0) | I111: =IF(C111="C99999",1,0) | J111: =IF(OR(H111=1,I111=1),0,IF(G111="Credit",-F111,F111))
A112: 2026-07-02 | B112: F265754 | C112: C10300 | D112: SKU-10269 | F112: 230.88 | G112: =IF(LEFT(B112,1)="C","Credit","Factuur") | H112: =IF(AND(B112=B111,D112=D111,A112=A111,F112=F111),1,0) | I112: =IF(C112="C99999",1,0) | J112: =IF(OR(H112=1,I112=1),0,IF(G112="Credit",-F112,F112))
A113: 2026-07-02 | B113: F265754 | C113: C10300 | D113: SKU-10326 | E113: AM03 | F113: 237 | G113: =IF(LEFT(B113,1)="C","Credit","Factuur") | H113: =IF(AND(B113=B112,D113=D112,A113=A112,F113=F112),1,0) | I113: =IF(C113="C99999",1,0) | J113: =IF(OR(H113=1,I113=1),0,IF(G113="Credit",-F113,F113))
A114: 2026-07-02 | B114: F266436 | C114: C10338 | D114: SKU-10039 | E114: AM05 | F114: 875.61 | G114: =IF(LEFT(B114,1)="C","Credit","Factuur") | H114: =IF(AND(B114=B113,D114=D113,A114=A113,F114=F113),1,0) | I114: =IF(C114="C99999",1,0) | J114: =IF(OR(H114=1,I114=1),0,IF(G114="Credit",-F114,F114))
A115: 2026-07-02 | B115: F268681 | C115: C10454 | D115: SKU-10121 | E115: AM12 | F115: 185.05 | G115: =IF(LEFT(B115,1)="C","Credit","Factuur") | H115: =IF(AND(B115=B114,D115=D114,A115=A114,F115=F114),1,0) | I115: =IF(C115="C99999",1,0) | J115: =IF(OR(H115=1,I115=1),0,IF(G115="Credit",-F115,F115))
A116: 2026-07-02 | B116: F268681 | C116: C10454 | D116: SKU-10255 | E116: AM12 | F116: 181.74 | G116: =IF(LEFT(B116,1)="C","Credit","Factuur") | H116: =IF(AND(B116=B115,D116=D115,A116=A115,F116=F115),1,0) | I116: =IF(C116="C99999",1,0) | J116: =IF(OR(H116=1,I116=1),0,IF(G116="Credit",-F116,F116))
A117: 2026-07-02 | B117: F268681 | C117: C10454 | D117: SKU-10340 | E117: AM12 | F117: 179.66 | G117: =IF(LEFT(B117,1)="C","Credit","Factuur") | H117: =IF(AND(B117=B116,D117=D116,A117=A116,F117=F116),1,0) | I117: =IF(C117="C99999",1,0) | J117: =IF(OR(H117=1,I117=1),0,IF(G117="Credit",-F117,F117))
A118: 2026-07-02 | B118: F269909 | C118: C10522 | D118: SKU-10310 | E118: AM11 | F118: 201.51 | G118: =IF(LEFT(B118,1)="C","Credit","Factuur") | H118: =IF(AND(B118=B117,D118=D117,A118=A117,F118=F117),1,0) | I118: =IF(C118="C99999",1,0) | J118: =IF(OR(H118=1,I118=1),0,IF(G118="Credit",-F118,F118))
A119: 2026-07-02 | B119: F269909 | C119: C10522 | D119: SKU-10339 | E119: AM11 | F119: 210.7 | G119: =IF(LEFT(B119,1)="C","Credit","Factuur") | H119: =IF(AND(B119=B118,D119=D118,A119=A118,F119=F118),1,0) | I119: =IF(C119="C99999",1,0) | J119: =IF(OR(H119=1,I119=1),0,IF(G119="Credit",-F119,F119))
A120: 2026-07-02 | B120: F271619 | C120: C10598 | D120: SKU-10057 | E120: AM03 | F120: 225 | G120: =IF(LEFT(B120,1)="C","Credit","Factuur") | H120: =IF(AND(B120=B119,D120=D119,A120=A119,F120=F119),1,0) | I120: =IF(C120="C99999",1,0) | J120: =IF(OR(H120=1,I120=1),0,IF(G120="Credit",-F120,F120))
A121: 2026-07-02 | B121: F271988 | C121: C10617 | D121: SKU-10125 | E121: AM02 | F121: 121.46 | G121: =IF(LEFT(B121,1)="C","Credit","Factuur") | H121: =IF(AND(B121=B120,D121=D120,A121=A120,F121=F120),1,0) | I121: =IF(C121="C99999",1,0) | J121: =IF(OR(H121=1,I121=1),0,IF(G121="Credit",-F121,F121))
A122: 2026-07-02 | B122: F271988 | C122: C10617 | D122: SKU-10257 | E122: AM02 | F122: 113.76 | G122: =IF(LEFT(B122,1)="C","Credit","Factuur") | H122: =IF(AND(B122=B121,D122=D121,A122=A121,F122=F121),1,0) | I122: =IF(C122="C99999",1,0) | J122: =IF(OR(H122=1,I122=1),0,IF(G122="Credit",-F122,F122))
A123: 2026-07-02 | B123: F273218 | C123: C10690 | D123: SKU-10286 | E123: IS02 | F123: 146 | G123: =IF(LEFT(B123,1)="C","Credit","Factuur") | H123: =IF(AND(B123=B122,D123=D122,A123=A122,F123=F122),1,0) | I123: =IF(C123="C99999",1,0) | J123: =IF(OR(H123=1,I123=1),0,IF(G123="Credit",-F123,F123))
A124: 2026-07-02 | B124: F274260 | C124: C10754 | D124: SKU-10054 | E124: AM01 | F124: 271.71 | G124: =IF(LEFT(B124,1)="C","Credit","Factuur") | H124: =IF(AND(B124=B123,D124=D123,A124=A123,F124=F123),1,0) | I124: =IF(C124="C99999",1,0) | J124: =IF(OR(H124=1,I124=1),0,IF(G124="Credit",-F124,F124))
... A182: 2026-07-03 | B182: F261085 | C182: C10062 | D182: SKU-10259 | E182: AM05 | F182: 651.64 | G182: =IF(LEFT(B182,1)="C","Credit","Factuur") | H182: =IF(AND(B182=B181,D182=D181,A182=A181,F182=F181),1,0) | I182: =IF(C182="C99999",1,0) | J182: =IF(OR(H182=1,I182=1),0,IF(G182="Credit",-F182,F182))
A183: 2026-07-03 | B183: F261297 | C183: C10072 | D183: SKU-10074 | F183: 212.76 | G183: =IF(LEFT(B183,1)="C","Credit","Factuur") | H183: =IF(AND(B183=B182,D183=D182,A183=A182,F183=F182),1,0) | I183: =IF(C183="C99999",1,0) | J183: =IF(OR(H183=1,I183=1),0,IF(G183="Credit",-F183,F183))
A184: 2026-07-03 | B184: F261297 | C184: C10072 | D184: SKU-10116 | E184: AM08 | F184: 260.4 | G184: =IF(LEFT(B184,1)="C","Credit","Factuur") | H184: =IF(AND(B184=B183,D184=D183,A184=A183,F184=F183),1,0) | I184: =IF(C184="C99999",1,0) | J184: =IF(OR(H184=1,I184=1),0,IF(G184="Credit",-F184,F184))
A185: 2026-07-03 | B185: F261297 | C185: C10072 | D185: SKU-10278 | E185: AM08 | F185: 231.22 | G185: =IF(LEFT(B185,1)="C","Credit","Factuur") | H185: =IF(AND(B185=B184,D185=D184,A185=A184,F185=F184),1,0) | I185: =IF(C185="C99999",1,0) | J185: =IF(OR(H185=1,I185=1),0,IF(G185="Credit",-F185,F185))
A186: 2026-07-03 | B186: F261297 | C186: C10072 | D186: SKU-10289 | E186: AM08 | F186: 230.34 | G186: =IF(LEFT(B186,1)="C","Credit","Factuur") | H186: =IF(AND(B186=B185,D186=D185,A186=A185,F186=F185),1,0) | I186: =IF(C186="C99999",1,0) | J186: =IF(OR(H186=1,I186=1),0,IF(G186="Credit",-F186,F186))
A187: 2026-07-03 | B187: F261297 | C187: C10072 | D187: SKU-10321 | E187: AM08 | F187: 244.05 | G187: =IF(LEFT(B187,1)="C","Credit","Factuur") | H187: =IF(AND(B187=B186,D187=D186,A187=A186,F187=F186),1,0) | I187: =IF(C187="C99999",1,0) | J187: =IF(OR(H187=1,I187=1),0,IF(G187="Credit",-F187,F187))
A188: 2026-07-03 | B188: F261355 | C188: C10074 | D188: SKU-10061 | E188: AM06 | F188: 323.19 | G188: =IF(LEFT(B188,1)="C","Credit","Factuur") | H188: =IF(AND(B188=B187,D188=D187,A188=A187,F188=F187),1,0) | I188: =IF(C188="C99999",1,0) | J188: =IF(OR(H188=1,I188=1),0,IF(G188="Credit",-F188,F188))
A189: 2026-07-03 | B189: F261398 | C189: C10076 | D189: SKU-10211 | E189: AM02 | F189: 1734.26 | G189: =IF(LEFT(B189,1)="C","Credit","Factuur") | H189: =IF(AND(B189=B188,D189=D188,A189=A188,F189=F188),1,0) | I189: =IF(C189="C99999",1,0) | J189: =IF(OR(H189=1,I189=1),0,IF(G189="Credit",-F189,F189))
A190: 2026-07-03 | B190: F261796 | C190: C10095 | D190: SKU-10031 | E190: AM01 | F190: 262.53 | G190: =IF(LEFT(B190,1)="C","Credit","Factuur") | H190: =IF(AND(B190=B189,D190=D189,A190=A189,F190=F189),1,0) | I190: =IF(C190="C99999",1,0) | J190: =IF(OR(H190=1,I190=1),0,IF(G190="Credit",-F190,F190))
A191: 2026-07-03 | B191: F261796 | C191: C10095 | D191: SKU-10037 | E191: AM01 | F191: 237.21 | G191: =IF(LEFT(B191,1)="C","Credit","Factuur") | H191: =IF(AND(B191=B190,D191=D190,A191=A190,F191=F190),1,0) | I191: =IF(C191="C99999",1,0) | J191: =IF(OR(H191=1,I191=1),0,IF(G191="Credit",-F191,F191))
A192: 2026-07-03 | B192: F261796 | C192: C10095 | D192: SKU-10051 | E192: AM01 | F192: 256.4 | G192: =IF(LEFT(B192,1)="C","Credit","Factuur") | H192: =IF(AND(B192=B191,D192=D191,A192=A191,F192=F191),1,0) | I192: =IF(C192="C99999",1,0) | J192: =IF(OR(H192=1,I192=1),0,IF(G192="Credit",-F192,F192))
A193: 2026-07-03 | B193: F261796 | C193: C10095 | D193: SKU-10057 | E193: AM01 | F193: 247.5 | G193: =IF(LEFT(B193,1)="C","Credit","Factuur") | H193: =IF(AND(B193=B192,D193=D192,A193=A192,F193=F192),1,0) | I193: =IF(C193="C99999",1,0) | J193: =IF(OR(H193=1,I193=1),0,IF(G193="Credit",-F193,F193))
A194: 2026-07-03 | B194: F261871 | C194: C10099 | D194: SKU-10031 | E194: AM02 | F194: 304.83 | G194: =IF(LEFT(B194,1)="C","Credit","Factuur") | H194: =IF(AND(B194=B193,D194=D193,A194=A193,F194=F193),1,0) | I194: =IF(C194="C99999",1,0) | J194: =IF(OR(H194=1,I194=1),0,IF(G194="Credit",-F194,F194))
A195: 2026-07-03 | B195: F261871 | C195: C10099 | D195: SKU-10058 | E195: AM02 | F195: 289.15 | G195: =IF(LEFT(B195,1)="C","Credit","Factuur") | H195: =IF(AND(B195=B194,D195=D194,A195=A194,F195=F194),1,0) | I195: =IF(C195="C99999",1,0) | J195: =IF(OR(H195=1,I195=1),0,IF(G195="Credit",-F195,F195))
... A201: 2026-07-03 | B201: F262063 | C201: C10109 | D201: SKU-10235 | E201: AM01 | F201: 319.05 | G201: =IF(LEFT(B201,1)="C","Credit","Factuur") | H201: =IF(AND(B201=B200,D201=D200,A201=A200,F201=F200),1,0) | I201: =IF(C201="C99999",1,0) | J201: =IF(OR(H201=1,I201=1),0,IF(G201="Credit",-F201,F201))
A202: 2026-07-03 | B202: F262063 | C202: C10109 | D202: SKU-10239 | F202: 296.14 | G202: =IF(LEFT(B202,1)="C","Credit","Factuur") | H202: =IF(AND(B202=B201,D202=D201,A202=A201,F202=F201),1,0) | I202: =IF(C202="C99999",1,0) | J202: =IF(OR(H202=1,I202=1),0,IF(G202="Credit",-F202,F202))
A203: 2026-07-03 | B203: F262100 | C203: C10111 | D203: SKU-10131 | E203: AM01 | F203: 1262.21 | G203: =IF(LEFT(B203,1)="C","Credit","Factuur") | H203: =IF(AND(B203=B202,D203=D202,A203=A202,F203=F202),1,0) | I203: =IF(C203="C99999",1,0) | J203: =IF(OR(H203=1,I203=1),0,IF(G203="Credit",-F203,F203))
A204: 2026-07-03 | B204: F262285 | C204: C10121 | D204: SKU-10056 | E204: AM02 | F204: 672 | G204: =IF(LEFT(B204,1)="C","Credit","Factuur") | H204: =IF(AND(B204=B203,D204=D203,A204=A203,F204=F203),1,0) | I204: =IF(C204="C99999",1,0) | J204: =IF(OR(H204=1,I204=1),0,IF(G204="Credit",-F204,F204))
A205: 2026-07-03 | B205: F262285 | C205: C10121 | D205: SKU-10312 | E205: AM02 | F205: 653.6 | G205: =IF(LEFT(B205,1)="C","Credit","Factuur") | H205: =IF(AND(B205=B204,D205=D204,A205=A204,F205=F204),1,0) | I205: =IF(C205="C99999",1,0) | J205: =IF(OR(H205=1,I205=1),0,IF(G205="Credit",-F205,F205))
A206: 2026-07-03 | B206: F262285 | C206: C10121 | D206: SKU-10346 | E206: AM02 | F206: 1135.35 | G206: =IF(LEFT(B206,1)="C","Credit","Factuur") | H206: =IF(AND(B206=B205,D206=D205,A206=A205,F206=F205),1,0) | I206: =IF(C206="C99999",1,0) | J206: =IF(OR(H206=1,I206=1),0,IF(G206="Credit",-F206,F206))
A207: 2026-07-03 | B207: F262650 | C207: C10140 | D207: SKU-10304 | E207: AM07 | F207: 244.48 | G207: =IF(LEFT(B207,1)="C","Credit","Factuur") | H207: =IF(AND(B207=B206,D207=D206,A207=A206,F207=F206),1,0) | I207: =IF(C207="C99999",1,0) | J207: =IF(OR(H207=1,I207=1),0,IF(G207="Credit",-F207,F207))
A208: 2026-07-03 | B208: F262650 | C208: C10140 | D208: SKU-10310 | E208: AM07 | F208: 246.29 | G208: =IF(LEFT(B208,1)="C","Credit","Factuur") | H208: =IF(AND(B208=B207,D208=D207,A208=A207,F208=F207),1,0) | I208: =IF(C208="C99999",1,0) | J208: =IF(OR(H208=1,I208=1),0,IF(G208="Credit",-F208,F208))
A209: 2026-07-03 | B209: F262650 | C209: C10140 | D209: SKU-10340 | E209: AM07 | F209: 239.55 | G209: =IF(LEFT(B209,1)="C","Credit","Factuur") | H209: =IF(AND(B209=B208,D209=D208,A209=A208,F209=F208),1,0) | I209: =IF(C209="C99999",1,0) | J209: =IF(OR(H209=1,I209=1),0,IF(G209="Credit",-F209,F209))
A210: 2026-07-03 | B210: F263070 | C210: C10165 | D210: SKU-10262 | E210: AM05 | F210: 424.95 | G210: =IF(LEFT(B210,1)="C","Credit","Factuur") | H210: =IF(AND(B210=B209,D210=D209,A210=A209,F210=F209),1,0) | I210: =IF(C210="C99999",1,0) | J210: =IF(OR(H210=1,I210=1),0,IF(G210="Credit",-F210,F210))
A211: 2026-07-03 | B211: F263428 | C211: C10183 | D211: SKU-10103 | F211: 2942.88 | G211: =IF(LEFT(B211,1)="C","Credit","Factuur") | H211: =IF(AND(B211=B210,D211=D210,A211=A210,F211=F210),1,0) | I211: =IF(C211="C99999",1,0) | J211: =IF(OR(H211=1,I211=1),0,IF(G211="Credit",-F211,F211))
A212: 2026-07-03 | B212: F263428 | C212: C10183 | D212: SKU-10152 | E212: AM11 | F212: 3090.96 | G212: =IF(LEFT(B212,1)="C","Credit","Factuur") | H212: =IF(AND(B212=B211,D212=D211,A212=A211,F212=F211),1,0) | I212: =IF(C212="C99999",1,0) | J212: =IF(OR(H212=1,I212=1),0,IF(G212="Credit",-F212,F212))
A213: 2026-07-03 | B213: F263428 | C213: C10183 | D213: SKU-10317 | E213: AM11 | F213: 3103.52 | G213: =IF(LEFT(B213,1)="C","Credit","Factuur") | H213: =IF(AND(B213=B212,D213=D212,A213=A212,F213=F212),1,0) | I213: =IF(C213="C99999",1,0) | J213: =IF(OR(H213=1,I213=1),0,IF(G213="Credit",-F213,F213))
A214: 2026-07-03 | B214: F263430 | C214: C10183 | D214: SKU-10303 | E214: AM11 | F214: 3254.24 | G214: =IF(LEFT(B214,1)="C","Credit","Factuur") | H214: =IF(AND(B214=B213,D214=D213,A214=A213,F214=F213),1,0) | I214: =IF(C214="C99999",1,0) | J214: =IF(OR(H214=1,I214=1),0,IF(G214="Credit",-F214,F214))
A215: 2026-07-03 | B215: F263430 | C215: C10183 | D215: SKU-10328 | E215: AM11 | F215: 3248.96 | G215: =IF(LEFT(B215,1)="C","Credit","Factuur") | H215: =IF(AND(B215=B214,D215=D214,A215=A214,F215=F214),1,0) | I215: =IF(C215="C99999",1,0) | J215: =IF(OR(H215=1,I215=1),0,IF(G215="Credit",-F215,F215))
A216: 2026-07-03 | B216: F263431 | C216: C10183 | D216: SKU-10033 | E216: AM11 | F216: 2207.85 | G216: =IF(LEFT(B216,1)="C","Credit","Factuur") | H216: =IF(AND(B216=B215,D216=D215,A216=A215,F216=F215),1,0) | I216: =IF(C216="C99999",1,0) | J216: =IF(OR(H216=1,I216=1),0,IF(G216="Credit",-F216,F216))
A217: 2026-07-03 | B217: F263431 | C217: C10183 | D217: SKU-10185 | E217: AM11 | F217: 2193.03 | G217: =IF(LEFT(B217,1)="C","Credit","Factuur") | H217: =IF(AND(B217=B216,D217=D216,A217=A216,F217=F216),1,0) | I217: =IF(C217="C99999",1,0) | J217: =IF(OR(H217=1,I217=1),0,IF(G217="Credit",-F217,F217))
A218: 2026-07-03 | B218: F263431 | C218: C10183 | D218: SKU-10226 | E218: AM11 | F218: 2210.39 | G218: =IF(LEFT(B218,1)="C","Credit","Factuur") | H218: =IF(AND(B218=B217,D218=D217,A218=A217,F218=F217),1,0) | I218: =IF(C218="C99999",1,0) | J218: =IF(OR(H218=1,I218=1),0,IF(G218="Credit",-F218,F218))
A219: 2026-07-03 | B219: F263431 | C219: C10183 | D219: SKU-10310 | E219: AM11 | F219: 2216.61 | G219: =IF(LEFT(B219,1)="C","Credit","Factuur") | H219: =IF(AND(B219=B218,D219=D218,A219=A218,F219=F218),1,0) | I219: =IF(C219="C99999",1,0) | J219: =IF(OR(H219=1,I219=1),0,IF(G219="Credit",-F219,F219))
A220: 2026-07-03 | B220: F263438 | C220: C10184 | D220: SKU-10302 | E220: AM03 | F220: 850.1 | G220: =IF(LEFT(B220,1)="C","Credit","Factuur") | H220: =IF(AND(B220=B219,D220=D219,A220=A219,F220=F219),1,0) | I220: =IF(C220="C99999",1,0) | J220: =IF(OR(H220=1,I220=1),0,IF(G220="Credit",-F220,F220))
A221: 2026-07-03 | B221: F263438 | C221: C10184 | D221: SKU-10311 | E221: AM03 | F221: 985.57 | G221: =IF(LEFT(B221,1)="C","Credit","Factuur") | H221: =IF(AND(B221=B220,D221=D220,A221=A220,F221=F220),1,0) | I221: =IF(C221="C99999",1,0) | J221: =IF(OR(H221=1,I221=1),0,IF(G221="Credit",-F221,F221))
A222: 2026-07-03 | B222: F263523 | C222: C10189 | D222: SKU-10012 | E222: IS01 | F222: 63.82 | G222: =IF(LEFT(B222,1)="C","Credit","Factuur") | H222: =IF(AND(B222=B221,D222=D221,A222=A221,F222=F221),1,0) | I222: =IF(C222="C99999",1,0) | J222: =IF(OR(H222=1,I222=1),0,IF(G222="Credit",-F222,F222))
A223: 2026-07-03 | B223: F263523 | C223: C10189 | D223: SKU-10041 | E223: IS01 | F223: 68.8 | G223: =IF(LEFT(B223,1)="C","Credit","Factuur") | H223: =IF(AND(B223=B222,D223=D222,A223=A222,F223=F222),1,0) | I223: =IF(C223="C99999",1,0) | J223: =IF(OR(H223=1,I223=1),0,IF(G223="Credit",-F223,F223))
... A335: 2026-07-03 | B335: F270617 | C335: C10558 | D335: SKU-10030 | E335: AM01 | F335: 1088.12 | G335: =IF(LEFT(B335,1)="C","Credit","Factuur") | H335: =IF(AND(B335=B334,D335=D334,A335=A334,F335=F334),1,0) | I335: =IF(C335="C99999",1,0) | J335: =IF(OR(H335=1,I335=1),0,IF(G335="Credit",-F335,F335))
A336: 2026-07-03 | B336: F270617 | C336: C10558 | D336: SKU-10051 | F336: 1076.88 | G336: =IF(LEFT(B336,1)="C","Credit","Factuur") | H336: =IF(AND(B336=B335,D336=D335,A336=A335,F336=F335),1,0) | I336: =IF(C336="C99999",1,0) | J336: =IF(OR(H336=1,I336=1),0,IF(G336="Credit",-F336,F336))
A337: 2026-07-03 | B337: F270617 | C337: C10558 | D337: SKU-10198 | E337: AM01 | F337: 1078.5 | G337: =IF(LEFT(B337,1)="C","Credit","Factuur") | H337: =IF(AND(B337=B336,D337=D336,A337=A336,F337=F336),1,0) | I337: =IF(C337="C99999",1,0) | J337: =IF(OR(H337=1,I337=1),0,IF(G337="Credit",-F337,F337))
A338: 2026-07-03 | B338: F270617 | C338: C10558 | D338: SKU-10304 | E338: AM01 | F338: 1100.16 | G338: =IF(LEFT(B338,1)="C","Credit","Factuur") | H338: =IF(AND(B338=B337,D338=D337,A338=A337,F338=F337),1,0) | I338: =IF(C338="C99999",1,0) | J338: =IF(OR(H338=1,I338=1),0,IF(G338="Credit",-F338,F338))
A339: 2026-07-03 | B339: F270643 | C339: C10560 | D339: SKU-10065 | E339: AM02 | F339: 257.72 | G339: =IF(LEFT(B339,1)="C","Credit","Factuur") | H339: =IF(AND(B339=B338,D339=D338,A339=A338,F339=F338),1,0) | I339: =IF(C339="C99999",1,0) | J339: =IF(OR(H339=1,I339=1),0,IF(G339="Credit",-F339,F339))
A340: 2026-07-03 | B340: F270643 | C340: C10560 | D340: SKU-10076 | E340: AM02 | F340: 245.97 | G340: =IF(LEFT(B340,1)="C","Credit","Factuur") | H340: =IF(AND(B340=B339,D340=D339,A340=A339,F340=F339),1,0) | I340: =IF(C340="C99999",1,0) | J340: =IF(OR(H340=1,I340=1),0,IF(G340="Credit",-F340,F340))
A341: 2026-07-03 | B341: F270643 | C341: C10560 | D341: SKU-10097 | E341: AM02 | F341: 255.6 | G341: =IF(LEFT(B341,1)="C","Credit","Factuur") | H341: =IF(AND(B341=B340,D341=D340,A341=A340,F341=F340),1,0) | I341: =IF(C341="C99999",1,0) | J341: =IF(OR(H341=1,I341=1),0,IF(G341="Credit",-F341,F341))
A342: 2026-07-03 | B342: F270643 | C342: C10560 | D342: SKU-10098 | E342: AM02 | F342: 240.06 | G342: =IF(LEFT(B342,1)="C","Credit","Factuur") | H342: =IF(AND(B342=B341,D342=D341,A342=A341,F342=F341),1,0) | I342: =IF(C342="C99999",1,0) | J342: =IF(OR(H342=1,I342=1),0,IF(G342="Credit",-F342,F342))
A343: 2026-07-03 | B343: F270695 | C343: C10562 | D343: SKU-10049 | E343: AM03 | F343: 353.51 | G343: =IF(LEFT(B343,1)="C","Credit","Factuur") | H343: =IF(AND(B343=B342,D343=D342,A343=A342,F343=F342),1,0) | I343: =IF(C343="C99999",1,0) | J343: =IF(OR(H343=1,I343=1),0,IF(G343="Credit",-F343,F343))
A344: 2026-07-03 | B344: F270695 | C344: C10562 | D344: SKU-10064 | E344: AM03 | F344: 353.52 | G344: =IF(LEFT(B344,1)="C","Credit","Factuur") | H344: =IF(AND(B344=B343,D344=D343,A344=A343,F344=F343),1,0) | I344: =IF(C344="C99999",1,0) | J344: =IF(OR(H344=1,I344=1),0,IF(G344="Credit",-F344,F344))
A345: 2026-07-03 | B345: F270695 | C345: C10562 | D345: SKU-10147 | E345: AM03 | F345: 342.97 | G345: =IF(LEFT(B345,1)="C","Credit","Factuur") | H345: =IF(AND(B345=B344,D345=D344,A345=A344,F345=F344),1,0) | I345: =IF(C345="C99999",1,0) | J345: =IF(OR(H345=1,I345=1),0,IF(G345="Credit",-F345,F345))
A346: 2026-07-03 | B346: F270695 | C346: C10562 | D346: SKU-10177 | E346: AM03 | F346: 309.23 | G346: =IF(LEFT(B346,1)="C","Credit","Factuur") | H346: =IF(AND(B346=B345,D346=D345,A346=A345,F346=F345),1,0) | I346: =IF(C346="C99999",1,0) | J346: =IF(OR(H346=1,I346=1),0,IF(G346="Credit",-F346,F346))
A347: 2026-07-03 | B347: F270695 | C347: C10562 | D347: SKU-10221 | E347: AM03 | F347: 332.91 | G347: =IF(LEFT(B347,1)="C","Credit","Factuur") | H347: =IF(AND(B347=B346,D347=D346,A347=A346,F347=F346),1,0) | I347: =IF(C347="C99999",1,0) | J347: =IF(OR(H347=1,I347=1),0,IF(G347="Credit",-F347,F347))
A348: 2026-07-03 | B348: F273176 | C348: C10688 | D348: SKU-10043 | E348: AM03 | F348: 232.62 | G348: =IF(LEFT(B348,1)="C","Credit","Factuur") | H348: =IF(AND(B348=B347,D348=D347,A348=A347,F348=F347),1,0) | I348: =IF(C348="C99999",1,0) | J348: =IF(OR(H348=1,I348=1),0,IF(G348="Credit",-F348,F348))
... A350: 2026-07-03 | B350: F273559 | C350: C10711 | D350: SKU-10010 | E350: AM09 | F350: 5137.77 | G350: =IF(LEFT(B350,1)="C","Credit","Factuur") | H350: =IF(AND(B350=B349,D350=D349,A350=A349,F350=F349),1,0) | I350: =IF(C350="C99999",1,0) | J350: =IF(OR(H350=1,I350=1),0,IF(G350="Credit",-F350,F350))
A351: 2026-07-03 | B351: F273559 | C351: C10711 | D351: SKU-10366 | F351: 5119.38 | G351: =IF(LEFT(B351,1)="C","Credit","Factuur") | H351: =IF(AND(B351=B350,D351=D350,A351=A350,F351=F350),1,0) | I351: =IF(C351="C99999",1,0) | J351: =IF(OR(H351=1,I351=1),0,IF(G351="Credit",-F351,F351))
A352: 2026-07-03 | B352: F273868 | C352: C10729 | D352: SKU-10052 | E352: AM02 | F352: 1052.2 | G352: =IF(LEFT(B352,1)="C","Credit","Factuur") | H352: =IF(AND(B352=B351,D352=D351,A352=A351,F352=F351),1,0) | I352: =IF(C352="C99999",1,0) | J352: =IF(OR(H352=1,I352=1),0,IF(G352="Credit",-F352,F352))
A353: 2026-07-03 | B353: F273922 | C353: C10734 | D353: SKU-10166 | E353: AM06 | F353: 2848.95 | G353: =IF(LEFT(B353,1)="C","Credit","Factuur") | H353: =IF(AND(B353=B352,D353=D352,A353=A352,F353=F352),1,0) | I353: =IF(C353="C99999",1,0) | J353: =IF(OR(H353=1,I353=1),0,IF(G353="Credit",-F353,F353))
A354: 2026-07-03 | B354: F273962 | C354: C10737 | D354: SKU-10048 | E354: AM03 | F354: 149.94 | G354: =IF(LEFT(B354,1)="C","Credit","Factuur") | H354: =IF(AND(B354=B353,D354=D353,A354=A353,F354=F353),1,0) | I354: =IF(C354="C99999",1,0) | J354: =IF(OR(H354=1,I354=1),0,IF(G354="Credit",-F354,F354))
A355: 2026-07-03 | B355: F273962 | C355: C10737 | D355: SKU-10194 | E355: AM03 | F355: 141.01 | G355: =IF(LEFT(B355,1)="C","Credit","Factuur") | H355: =IF(AND(B355=B354,D355=D354,A355=A354,F355=F354),1,0) | I355: =IF(C355="C99999",1,0) | J355: =IF(OR(H355=1,I355=1),0,IF(G355="Credit",-F355,F355))
A356: 2026-07-03 | B356: F273962 | C356: C10737 | D356: SKU-10285 | E356: AM03 | F356: 153.12 | G356: =IF(LEFT(B356,1)="C","Credit","Factuur") | H356: =IF(AND(B356=B355,D356=D355,A356=A355,F356=F355),1,0) | I356: =IF(C356="C99999",1,0) | J356: =IF(OR(H356=1,I356=1),0,IF(G356="Credit",-F356,F356))
A357: 2026-07-03 | B357: F273962 | C357: C10737 | D357: SKU-10337 | E357: AM03 | F357: 156.23 | G357: =IF(LEFT(B357,1)="C","Credit","Factuur") | H357: =IF(AND(B357=B356,D357=D356,A357=A356,F357=F356),1,0) | I357: =IF(C357="C99999",1,0) | J357: =IF(OR(H357=1,I357=1),0,IF(G357="Credit",-F357,F357))
A358: 2026-07-03 | B358: F274079 | C358: C10744 | D358: SKU-10045 | E358: AM11 | F358: 311.28 | G358: =IF(LEFT(B358,1)="C","Credit","Factuur") | H358: =IF(AND(B358=B357,D358=D357,A358=A357,F358=F357),1,0) | I358: =IF(C358="C99999",1,0) | J358: =IF(OR(H358=1,I358=1),0,IF(G358="Credit",-F358,F358))
A359: 2026-07-03 | B359: F274079 | C359: C10744 | D359: SKU-10059 | E359: AM11 | F359: 339.84 | G359: =IF(LEFT(B359,1)="C","Credit","Factuur") | H359: =IF(AND(B359=B358,D359=D358,A359=A358,F359=F358),1,0) | I359: =IF(C359="C99999",1,0) | J359: =IF(OR(H359=1,I359=1),0,IF(G359="Credit",-F359,F359))
A360: 2026-07-03 | B360: F274079 | C360: C10744 | D360: SKU-10100 | E360: AM11 | F360: 317.46 | G360: =IF(LEFT(B360,1)="C","Credit","Factuur") | H360: =IF(AND(B360=B359,D360=D359,A360=A359,F360=F359),1,0) | I360: =IF(C360="C99999",1,0) | J360: =IF(OR(H360=1,I360=1),0,IF(G360="Credit",-F360,F360))
A361: 2026-07-03 | B361: F274079 | C361: C10744 | D361: SKU-10261 | E361: AM11 | F361: 322.08 | G361: =IF(LEFT(B361,1)="C","Credit","Factuur") | H361: =IF(AND(B361=B360,D361=D360,A361=A360,F361=F360),1,0) | I361: =IF(C361="C99999",1,0) | J361: =IF(OR(H361=1,I361=1),0,IF(G361="Credit",-F361,F361))
A362: 2026-07-03 | B362: F274449 | C362: C10762 | D362: SKU-10215 | E362: AM03 | F362: 219.37 | G362: =IF(LEFT(B362,1)="C","Credit","Factuur") | H362: =IF(AND(B362=B361,D362=D361,A362=A361,F362=F361),1,0) | I362: =IF(C362="C99999",1,0) | J362: =IF(OR(H362=1,I362=1),0,IF(G362="Credit",-F362,F362))
A363: 2026-07-03 | B363: F274810 | C363: C10783 | D363: SKU-10301 | E363: AM01 | F363: 1011.5 | G363: =IF(LEFT(B363,1)="C","Credit","Factuur") | H363: =IF(AND(B363=B362,D363=D362,A363=A362,F363=F362),1,0) | I363: =IF(C363="C99999",1,0) | J363: =IF(OR(H363=1,I363=1),0,IF(G363="Credit",-F363,F363))
... A398: 2026-07-03 | B398: F277960 | C398: C10952 | D398: SKU-10034 | E398: AM01 | F398: 185.72 | G398: =IF(LEFT(B398,1)="C","Credit","Factuur") | H398: =IF(AND(B398=B397,D398=D397,A398=A397,F398=F397),1,0) | I398: =IF(C398="C99999",1,0) | J398: =IF(OR(H398=1,I398=1),0,IF(G398="Credit",-F398,F398))
A399: 2026-07-03 | B399: F277960 | C399: C10952 | D399: SKU-10095 | F399: 185.7 | G399: =IF(LEFT(B399,1)="C","Credit","Factuur") | H399: =IF(AND(B399=B398,D399=D398,A399=A398,F399=F398),1,0) | I399: =IF(C399="C99999",1,0) | J399: =IF(OR(H399=1,I399=1),0,IF(G399="Credit",-F399,F399))
A400: 2026-07-03 | B400: F277960 | C400: C10952 | D400: SKU-10238 | E400: AM01 | F400: 175 | G400: =IF(LEFT(B400,1)="C","Credit","Factuur") | H400: =IF(AND(B400=B399,D400=D399,A400=A399,F400=F399),1,0) | I400: =IF(C400="C99999",1,0) | J400: =IF(OR(H400=1,I400=1),0,IF(G400="Credit",-F400,F400))
A401: 2026-07-03 | B401: F277960 | C401: C10952 | D401: SKU-10310 | E401: AM01 | F401: 170.16 | G401: =IF(LEFT(B401,1)="C","Credit","Factuur") | H401: =IF(AND(B401=B400,D401=D400,A401=A400,F401=F400),1,0) | I401: =IF(C401="C99999",1,0) | J401: =IF(OR(H401=1,I401=1),0,IF(G401="Credit",-F401,F401))
A402: 2026-07-03 | B402: F278329 | C402: C10971 | D402: SKU-10095 | E402: AM07 | F402: 495.2 | G402: =IF(LEFT(B402,1)="C","Credit","Factuur") | H402: =IF(AND(B402=B401,D402=D401,A402=A401,F402=F401),1,0) | I402: =IF(C402="C99999",1,0) | J402: =IF(OR(H402=1,I402=1),0,IF(G402="Credit",-F402,F402))
A403: 2026-07-03 | B403: F278329 | C403: C10971 | D403: SKU-10332 | E403: AM07 | F403: 439.45 | G403: =IF(LEFT(B403,1)="C","Credit","Factuur") | H403: =IF(AND(B403=B402,D403=D402,A403=A402,F403=F402),1,0) | I403: =IF(C403="C99999",1,0) | J403: =IF(OR(H403=1,I403=1),0,IF(G403="Credit",-F403,F403))
A404: 2026-07-03 | B404: F278438 | C404: C10978 | D404: SKU-10136 | E404: AM06 | F404: 108.57 | G404: =IF(LEFT(B404,1)="C","Credit","Factuur") | H404: =IF(AND(B404=B403,D404=D403,A404=A403,F404=F403),1,0) | I404: =IF(C404="C99999",1,0) | J404: =IF(OR(H404=1,I404=1),0,IF(G404="Credit",-F404,F404))
...

Sheet Finance
A1: Periode | B1: Grootboek | C1: Omschrijving | D1: Bedrag
A2: 2026-07 | B2: 700000 | C2: Omzet handelsgoederen | D2: 2008453.7
A3: 2026-08 | B3: 700000 | C3: Omzet handelsgoederen | D3: 1518877.8
A4: 2026-09 | B4: 700000 | C4: Omzet handelsgoederen | D4: 2414112.6
C5: Totaal Q3 | D5: =SUM(D2:D4)

Sheet Brug
A1: Stap | B1: Omschrijving | C1: Bedrag (Excel-formule) | D1: Rijen | E1: SQL-pipeline | F1: Controle
A2: 1 | B2: Wekelijks Excel-rapport (som van de export) | C2: =SUM(Export!$F$2:$F$10447) | D2: =COUNTA(Export!$B$2:$B$10447) | E2: 6339278 | F2: =IF(ROUND(C2-E2,2)=0,"OK","VERSCHIL")
A3: 2 | B3: Dubbel geëxporteerde dag eraf | C3: =-SUMIFS(Export!$F$2:$F$10447,Export!$H$2:$H$10447,1) | D3: =SUM(Export!$H$2:$H$10447) | E3: -110762.2 | F3: =IF(ROUND(C3-E3,2)=0,"OK","VERSCHIL")
A4: 3 | B4: Creditnota's: opgeteld i.p.v. afgetrokken (2×) | C4: =-2*SUMIFS(Export!$F$2:$F$10447,Export!$G$2:$G$10447,"Credit",Export!$H$2:$H$10447,0) | D4: =COUNTIFS(Export!$G$2:$G$10447,"Credit",Export!$H$2:$H$10447,0) | E4: -284980.24 | F4: =IF(ROUND(C4-E4,2)=0,"OK","VERSCHIL")
A5: 4 | B5: Personeelsshop (interne klant) eraf | C5: =-(SUMIFS(Export!$F$2:$F$10447,Export!$C$2:$C$10447,"C99999",Export!$G$2:$G$10447,"Factuur",Export!$H$2:$H$10447,0)-SUMIFS(Export!$F$2:$F$10447,Export!$C$2:$C$10447,"C99999",Export!$G$2:$G$10447,"Credit",Export!$H$2:$H$10447,0)) | D5: =COUNTIFS(Export!$C$2:$C$10447,"C99999",Export!$H$2:$H$10447,0) | E5: -2091.46 | F5: =IF(ROUND(C5-E5,2)=0,"OK","VERSCHIL")
A6: 5 | B6: Verklaard totaal | C6: =SUM(C2:C5) | E6: 5941444.1 | F6: =IF(ROUND(C6-E6,2)=0,"OK","VERSCHIL")
A7: 6 | B7: Finance (grootboek 700000) | C7: =Finance!D5 | E7: 5941444.1 | F7: =IF(ROUND(C7-E7,2)=0,"OK","VERSCHIL")
A8: 7 | B8: Onverklaard verschil | C8: =ROUND(C6-C7,2) | E8: 0 | F8: =IF(ROUND(C8-E8,2)=0,"OK","VERSCHIL")
A9: 8 | B9: Controle: som van kolom Netto op tab Export | C9: =SUM(Export!$J$2:$J$10447) | E9: 5941444.1 | F9: =IF(ROUND(C9-E9,2)=0,"OK","VERSCHIL")
B11: Kolom E is overgenomen uit data/metrics.json (SQL). Kolom C rekent Excel zelf uit.

Sheet Per verkoper
A1: Verkoper | B1: jul | C1: aug | D1: sep | E1: Q3
A2: AM01 | B2: =SUMIFS(Export!$J$2:$J$10447,Export!$E$2:$E$10447,"AM01",Export!$A$2:$A$10447,"2026-07*") | C2: =SUMIFS(Export!$J$2:$J$10447,Export!$E$2:$E$10447,"AM01",Export!$A$2:$A$10447,"2026-08*") | D2: =SUMIFS(Export!$J$2:$J$10447,Export!$E$2:$E$10447,"AM01",Export!$A$2:$A$10447,"2026-09*") | E2: =SUM(B2:D2)
A3: AM02 | B3: =SUMIFS(Export!$J$2:$J$10447,Export!$E$2:$E$10447,"AM02",Export!$A$2:$A$10447,"2026-07*") | C3: =SUMIFS(Export!$J$2:$J$10447,Export!$E$2:$E$10447,"AM02",Export!$A$2:$A$10447,"2026-08*") | D3: =SUMIFS(Export!$J$2:$J$10447,Export!$E$2:$E$10447,"AM02",Export!$A$2:$A$10447,"2026-09*") | E3: =SUM(B3:D3)
A4: AM03 | B4: =SUMIFS(Export!$J$2:$J$10447,Export!$E$2:$E$10447,"AM03",Export!$A$2:$A$10447,"2026-07*") | C4: =SUMIFS(Export!$J$2:$J$10447,Export!$E$2:$E$10447,"AM03",Export!$A$2:$A$10447,"2026-08*") | D4: =SUMIFS(Export!$J$2:$J$10447,Export!$E$2:$E$10447,"AM03",Export!$A$2:$A$10447,"2026-09*") | E4: =SUM(B4:D4)
A5: AM05 | B5: =SUMIFS(Export!$J$2:$J$10447,Export!$E$2:$E$10447,"AM05",Export!$A$2:$A$10447,"2026-07*") | C5: =SUMIFS(Export!$J$2:$J$10447,Export!$E$2:$E$10447,"AM05",Export!$A$2:$A$10447,"2026-08*") | D5: =SUMIFS(Export!$J$2:$J$10447,Export!$E$2:$E$10447,"AM05",Export!$A$2:$A$10447,"2026-09*") | E5: =SUM(B5:D5)
A6: AM06 | B6: =SUMIFS(Export!$J$2:$J$10447,Export!$E$2:$E$10447,"AM06",Export!$A$2:$A$10447,"2026-07*") | C6: =SUMIFS(Export!$J$2:$J$10447,Export!$E$2:$E$10447,"AM06",Export!$A$2:$A$10447,"2026-08*") | D6: =SUMIFS(Export!$J$2:$J$10447,Export!$E$2:$E$10447,"AM06",Export!$A$2:$A$10447,"2026-09*") | E6: =SUM(B6:D6)
A7: AM07 | B7: =SUMIFS(Export!$J$2:$J$10447,Export!$E$2:$E$10447,"AM07",Export!$A$2:$A$10447,"2026-07*") | C7: =SUMIFS(Export!$J$2:$J$10447,Export!$E$2:$E$10447,"AM07",Export!$A$2:$A$10447,"2026-08*") | D7: =SUMIFS(Export!$J$2:$J$10447,Export!$E$2:$E$10447,"AM07",Export!$A$2:$A$10447,"2026-09*") | E7: =SUM(B7:D7)
A8: AM08 | B8: =SUMIFS(Export!$J$2:$J$10447,Export!$E$2:$E$10447,"AM08",Export!$A$2:$A$10447,"2026-07*") | C8: =SUMIFS(Export!$J$2:$J$10447,Export!$E$2:$E$10447,"AM08",Export!$A$2:$A$10447,"2026-08*") | D8: =SUMIFS(Export!$J$2:$J$10447,Export!$E$2:$E$10447,"AM08",Export!$A$2:$A$10447,"2026-09*") | E8: =SUM(B8:D8)
A9: AM09 | B9: =SUMIFS(Export!$J$2:$J$10447,Export!$E$2:$E$10447,"AM09",Export!$A$2:$A$10447,"2026-07*") | C9: =SUMIFS(Export!$J$2:$J$10447,Export!$E$2:$E$10447,"AM09",Export!$A$2:$A$10447,"2026-08*") | D9: =SUMIFS(Export!$J$2:$J$10447,Export!$E$2:$E$10447,"AM09",Export!$A$2:$A$10447,"2026-09*") | E9: =SUM(B9:D9)
A10: AM11 | B10: =SUMIFS(Export!$J$2:$J$10447,Export!$E$2:$E$10447,"AM11",Export!$A$2:$A$10447,"2026-07*") | C10: =SUMIFS(Export!$J$2:$J$10447,Export!$E$2:$E$10447,"AM11",Export!$A$2:$A$10447,"2026-08*") | D10: =SUMIFS(Export!$J$2:$J$10447,Export!$E$2:$E$10447,"AM11",Export!$A$2:$A$10447,"2026-09*") | E10: =SUM(B10:D10)
A11: AM12 | B11: =SUMIFS(Export!$J$2:$J$10447,Export!$E$2:$E$10447,"AM12",Export!$A$2:$A$10447,"2026-07*") | C11: =SUMIFS(Export!$J$2:$J$10447,Export!$E$2:$E$10447,"AM12",Export!$A$2:$A$10447,"2026-08*") | D11: =SUMIFS(Export!$J$2:$J$10447,Export!$E$2:$E$10447,"AM12",Export!$A$2:$A$10447,"2026-09*") | E11: =SUM(B11:D11)
A12: IS01 | B12: =SUMIFS(Export!$J$2:$J$10447,Export!$E$2:$E$10447,"IS01",Export!$A$2:$A$10447,"2026-07*") | C12: =SUMIFS(Export!$J$2:$J$10447,Export!$E$2:$E$10447,"IS01",Export!$A$2:$A$10447,"2026-08*") | D12: =SUMIFS(Export!$J$2:$J$10447,Export!$E$2:$E$10447,"IS01",Export!$A$2:$A$10447,"2026-09*") | E12: =SUM(B12:D12)
A13: IS02 | B13: =SUMIFS(Export!$J$2:$J$10447,Export!$E$2:$E$10447,"IS02",Export!$A$2:$A$10447,"2026-07*") | C13: =SUMIFS(Export!$J$2:$J$10447,Export!$E$2:$E$10447,"IS02",Export!$A$2:$A$10447,"2026-08*") | D13: =SUMIFS(Export!$J$2:$J$10447,Export!$E$2:$E$10447,"IS02",Export!$A$2:$A$10447,"2026-09*") | E13: =SUM(B13:D13)
A14: (leeg = niet toegewezen) | B14: =SUMIFS(Export!$J$2:$J$10447,Export!$E$2:$E$10447,"",Export!$A$2:$A$10447,"2026-07*") | C14: =SUMIFS(Export!$J$2:$J$10447,Export!$E$2:$E$10447,"",Export!$A$2:$A$10447,"2026-08*") | D14: =SUMIFS(Export!$J$2:$J$10447,Export!$E$2:$E$10447,"",Export!$A$2:$A$10447,"2026-09*") | E14: =SUM(B14:D14)
A15: Totaal | B15: =SUM(B2:B14) | C15: =SUM(C2:C14) | D15: =SUM(D2:D14) | E15: =SUM(E2:E14)
A17: Datums staan als tekst (JJJJ-MM-DD), daarom filtert "2026-07*" op juli. Lege verkoper: in het datawarehouse krijgt die lijn de verkoper op factuurdatum (regel ERP-01).
